journal,category
Academy of Management Journal,Social sciences
ACS Nano,Physical sciences
Acta Biomaterialia,Applied sciences
Advanced Functional Materials,Physical sciences
Advanced Materials,Chemistry; Physical sciences
American Economic Review,Social sciences
American Journal of Clinical Nutrition,Health sciences
American Journal of Epidemiology,Health sciences
American Journal of Human Genetics,Biological sciences
American Journal of Obstetrics and Gynecology,Health sciences
American Journal of Pathology,Health sciences
American Journal of Political Science,Social sciences
American Journal of Respiratory and Critical Care Medicine,Health sciences
American Journal of Sociology,Social sciences
American Political Science Review,Social sciences
American Sociological Review,Social sciences
Analytical Chemistry,Chemistry
Anesthesiology,Health sciences
Angewandte Chemie International Edition,Chemistry
Annals of Emergency Medicine,Health sciences
Annals of Family Medicine,Health sciences
Annals of Internal Medicine,Health sciences
Annals of Mathematics,Applied sciences
Annals of Neurology,Health sciences
Annals of Surgery,Health sciences
Annals of the Rheumatic Diseases,Health sciences
Applied Energy,Applied sciences
Applied Physics Letters,Physical sciences
Archives of Physical Medicine and Rehabilitation,Health sciences
Arthritis & Rheumatology,Health sciences
Astronomy & Astrophysics,Physical sciences
Blood,Health sciences
Brain,Health sciences
British Journal of Surgery,Health sciences
Cancer Cell,Biological sciences
Cancer Research,Biological sciences
Cell,Biological sciences
Cell Host & Microbe,Biological sciences
Cell Metabolism,Biological sciences
Cell Stem Cell,Biological sciences
Chemical Communications,Chemistry
Chemical Science,Chemistry
Chest,Health sciences
Circulation,Health sciences
Cities,Applied sciences
Clinical Infectious Diseases,Health sciences
Computers & Education,Applied sciences
Computers in Human Behavior,Applied sciences
Critical Care Medicine,Health sciences
Current Biology,Biological sciences
Developmental Cell,Biological sciences
Diabetes Care,Health sciences
Earth and Planetary Science Letters,Earth & environmental sciences
Ecology Letters,Biological sciences; Earth & environmental sciences
Econometrica,Social sciences
Energy,Applied sciences
Energy & Environmental Science,Applied sciences
Environmental Health Perspectives,Health sciences
Environmental Pollution,Applied sciences
Environmental Research,Applied sciences
Environmental Science and Technology,Earth & environmental sciences
European Heart Journal,Health sciences
European Physical Journal C,Physical sciences
European Urology,Health sciences
Gastroenterology,Health sciences
Genes & Development,Biological sciences
Genome Research,Biological sciences
Geochimica et Cosmochimica Acta,Earth & environmental sciences
Geology,Earth & environmental sciences
Geophysical Research Letters,Earth & environmental sciences
Gut,Health sciences
Hepatology,Health sciences
Higher Education,Social sciences
Human Reproduction,Health sciences
IEEE/RSJ International Conference on Intelligent Robots and Systems (IROS),Applied sciences
Immunity,Biological sciences
Inorganic Chemistry,Chemistry
International Journal of Epidemiology,Health sciences
International Journal of Obesity,Health sciences
Inventiones mathematicae,Applied sciences
JAMA Internal Medicine,Health sciences
JAMA Pediatrics,Health sciences
JAMA Psychiatry,Health sciences
JAMA Surgery,Health sciences
JAMA: The Journal of the American Medical Association,Health sciences
Journal of Biological Chemistry,Biological sciences
Journal of Bone and Joint Surgery-American Volume,Health sciences
Journal of Cell Biology,Biological sciences
Journal of Cleaner Production,Applied sciences
Journal of Clinical Endocrinology & Metabolism,Health sciences
Journal of Clinical Investigation,Biological sciences
Journal of Clinical Oncology,Health sciences
Journal of Experimental Medicine,Biological sciences
Journal of Financial Economics,Social sciences
Journal of Geophysical Research: Atmospheres,Earth & environmental sciences
Journal of Geophysical Research: Solid Earth,Earth & environmental sciences
Journal of Hepatology,Health sciences
Journal of High Energy Physics,Physical sciences
Journal of Infectious Diseases,Health sciences
Journal of Neuroscience,Biological sciences
Journal of Physiology,Health sciences
Journal of Political Economy,Social sciences
Journal of the American Academy of Child and Adolescent Psychiatry,Health sciences
Journal of the American Academy of Dermatology,Health sciences
Journal of the American Chemical Society,Chemistry
Journal of the American College of Cardiology,Health sciences
Journal of the American Geriatrics Society,Health sciences
Journal of the American Society of Nephrology,Health sciences
Journal of the National Cancer Institute,Health sciences
Journal of the Royal Statistical Society Series B: Statistical Methodology,Applied sciences
Journal of Thoracic and Cardiovascular Surgery,Health sciences
Kidney International,Health sciences
Macromolecules,Chemistry
Management Science,Social sciences
Molecular Cell,Biological sciences
Molecular Psychiatry,Biological sciences
Monthly Notices of the Royal Astronomical Society: Letters,Physical sciences
Nano Letters,Chemistry; Physical sciences
Nature,Biological sciences; Chemistry; Earth & environmental sciences; Health sciences; Physical sciences
Nature Biotechnology,Biological sciences
Nature Cell Biology,Biological sciences
Nature Chemical Biology,Biological sciences; Chemistry
Nature Chemistry,Chemistry
Nature Climate Change,Earth & environmental sciences
Nature Communications,Biological sciences; Chemistry; Earth & environmental sciences; Health sciences; Physical sciences
Nature Energy,Applied sciences
Nature Genetics,Biological sciences
Nature Geoscience,Earth & environmental sciences
Nature Human Behaviour,Social sciences
Nature Immunology,Biological sciences
Nature Materials,Chemistry; Physical sciences
Nature Medicine,Health sciences
Nature Methods,Biological sciences
Nature Nanotechnology,Chemistry; Physical sciences
Nature Neuroscience,Biological sciences
Nature Photonics,Physical sciences
Nature Physics,Physical sciences
Nature Structural & Molecular Biology,Biological sciences
Nature Sustainability,Applied sciences
Neuron,Biological sciences
Ophthalmology,Health sciences
Organic Letters,Chemistry
Pediatrics,Health sciences
Physical Review A,Physical sciences
Physical Review B,Physical sciences
Physical Review D,Physical sciences
Physical Review Letters,Physical sciences
Physical Review X,Physical sciences
Plant Biotechnology Journal,Applied sciences
PLOS Biology,Biological sciences
PLOS Genetics,Biological sciences
PLOS Medicine,Health sciences
Proceedings of the National Academy of Sciences of the United States of America,Biological sciences; Chemistry; Earth & environmental sciences; Health sciences; Physical sciences
Proceedings of the Royal Society B,Biological sciences
Radiology,Health sciences
Science,Biological sciences; Chemistry; Earth & environmental sciences; Health sciences; Physical sciences
Science Advances,Biological sciences; Chemistry; Earth & environmental sciences; Health sciences; Physical sciences
Science Translational Medicine,Biological sciences
Sustainable Cities and Society,Applied sciences
The Astrophysical Journal Letters,Physical sciences
The BMJ,Health sciences
The EMBO Journal,Biological sciences
The ISME Journal: Multidisciplinary Journal of Microbial Ecology,Biological sciences
The Journal of Allergy and Clinical Immunology,Health sciences
The Journal of Physical Chemistry Letters,Chemistry
The Lancet,Health sciences
The Lancet Diabetes & Endocrinology,Health sciences
The Lancet Global Health,Health sciences
The Lancet Neurology,Health sciences
The Lancet Oncology,Health sciences
The Lancet Psychiatry,Health sciences
The New England Journal of Medicine,Health sciences
The Plant Cell,Biological sciences
The Quarterly Journal of Economics,Social sciences
The Review of Economic Studies,Social sciences
Thorax,Health sciences
Water Research,Earth & environmental sciences
World Development,Social sciences
